Subject,title,price,description,features,Order_No,Unit,tokenized_text,stemmed_text,lemmatized_text
generic type c micro usb sd tf otg card reader 5 in 1ksh 390ksh 78050 ,generic type c micro usb sd tf otg card reader 5 in 1,ksh 390,  shipping from ksh 92 to embakasi east   utawala mihango gsu,not avilable,1677256730,15,shipping ksh 92 embakasi east utawala mihango gsu,ship ksh 92 embakasi east utawala mihango gsu,ship ksh 92 embakasi east utawala mihango gsu
hp elitebook 820 core i5 4gb ram 500gb hdd slim ultrabook laptop refurbishedksh 18 900ksh 30 00037 ,hp elitebook 820 core i5 4gb ram 500gb hdd slim ultrabook laptop refurbished,ksh 18 900,  shipping from ksh 166 to embakasi east   utawala mihango gsu,internal storage    500gb,1677256742,16,shipping ksh 166 embakasi east utawala mihango gsu,ship ksh 166 embakasi east utawala mihango gsu,ship ksh 166 embakasi east utawala mihango gsu
hp elitebook 820 core i5 4gb ram 500gb hdd slim ultrabook laptop refurbishedksh 18 900ksh 30 00037 ,hp elitebook 820 core i5 4gb ram 500gb hdd slim ultrabook laptop refurbished,ksh 18 900,  shipping from ksh 166 to embakasi east   utawala mihango gsu,graphics   integrated,1677256742,17,shipping ksh 166 embakasi east utawala mihango gsu,ship ksh 166 embakasi east utawala mihango gsu,ship ksh 166 embakasi east utawala mihango gsu
hp elitebook 820 core i5 4gb ram 500gb hdd slim ultrabook laptop refurbishedksh 18 900ksh 30 00037 ,hp elitebook 820 core i5 4gb ram 500gb hdd slim ultrabook laptop refurbished,ksh 18 900,  shipping from ksh 166 to embakasi east   utawala mihango gsu,1 usb 3 0,1677256742,18,shipping ksh 166 embakasi east utawala mihango gsu,ship ksh 166 embakasi east utawala mihango gsu,ship ksh 166 embakasi east utawala mihango gsu
hp elitebook 820 core i5 4gb ram 500gb hdd slim ultrabook laptop refurbishedksh 18 900ksh 30 00037 ,hp elitebook 820 core i5 4gb ram 500gb hdd slim ultrabook laptop refurbished,ksh 18 900,  shipping from ksh 166 to embakasi east   utawala mihango gsu,intel  ethernet connection i219 v 10 100 1000  with intel  i3 6100u  i5 6200u  and i7 6500u ,1677256742,19,shipping ksh 166 embakasi east utawala mihango gsu,ship ksh 166 embakasi east utawala mihango gsu,ship ksh 166 embakasi east utawala mihango gsu
hp elitebook 820 core i5 4gb ram 500gb hdd slim ultrabook laptop refurbishedksh 18 900ksh 30 00037 ,hp elitebook 820 core i5 4gb ram 500gb hdd slim ultrabook laptop refurbished,ksh 18 900,  shipping from ksh 166 to embakasi east   utawala mihango gsu,intel  dual band wireless ac 8260 802 11a b g n ac  2x2  wifi and bluetooth  4 2 combo,1677256742,20,shipping ksh 166 embakasi east utawala mihango gsu,ship ksh 166 embakasi east utawala mihango gsu,ship ksh 166 embakasi east utawala mihango gsu
hp elitebook 820 core i5 4gb ram 500gb hdd slim ultrabook laptop refurbishedksh 18 900ksh 30 00037 ,hp elitebook 820 core i5 4gb ram 500gb hdd slim ultrabook laptop refurbished,ksh 18 900,  shipping from ksh 166 to embakasi east   utawala mihango gsu,1 media card reader,1677256742,21,shipping ksh 166 embakasi east utawala mihango gsu,ship ksh 166 embakasi east utawala mihango gsu,ship ksh 166 embakasi east utawala mihango gsu
hp elitebook 820 core i5 4gb ram 500gb hdd slim ultrabook laptop refurbishedksh 18 900ksh 30 00037 ,hp elitebook 820 core i5 4gb ram 500gb hdd slim ultrabook laptop refurbished,ksh 18 900,  shipping from ksh 166 to embakasi east   utawala mihango gsu,supports sd  sdhc  sdxc ,1677256742,22,shipping ksh 166 embakasi east utawala mihango gsu,ship ksh 166 embakasi east utawala mihango gsu,ship ksh 166 embakasi east utawala mihango gsu
hp refurbished elitebook folio 9470 14  intel core i5 4gb  500gbksh 22 800ksh 29 00021 ,hp refurbished elitebook folio 9470 14  intel core i5 4gb  500gb,ksh 22 800,  shipping from ksh 166 to embakasi east   utawala mihango gsu,not avilable,1677256755,23,shipping ksh 166 embakasi east utawala mihango gsu,ship ksh 166 embakasi east utawala mihango gsu,ship ksh 166 embakasi east utawala mihango gsu
hp refurbished elitebook 9470m core i5 intel 4thgen  500gb hhd  4gb ram 14    silverksh 26 200ksh 33 50022 ,hp refurbished elitebook 9470m core i5 intel 4thgen  500gb hhd  4gb ram 14    silver,ksh 26 200,  shipping from ksh 166 to embakasi east   utawala mihango gsu,os  win 10 installed,1677256770,24,shipping ksh 166 embakasi east utawala mihango gsu,ship ksh 166 embakasi east utawala mihango gsu,ship ksh 166 embakasi east utawala mihango gsu
hp refurbished elitebook 9470m core i5 intel 4thgen  500gb hhd  4gb ram 14    silverksh 26 200ksh 33 50022 ,hp refurbished elitebook 9470m core i5 intel 4thgen  500gb hhd  4gb ram 14    silver,ksh 26 200,  shipping from ksh 166 to embakasi east   utawala mihango gsu,ram  4gb ram,1677256770,25,shipping ksh 166 embakasi east utawala mihango gsu,ship ksh 166 embakasi east utawala mihango gsu,ship ksh 166 embakasi east utawala mihango gsu
hp refurbished elitebook 9470m core i5 intel 4thgen  500gb hhd  4gb ram 14    silverksh 26 200ksh 33 50022 ,hp refurbished elitebook 9470m core i5 intel 4thgen  500gb hhd  4gb ram 14    silver,ksh 26 200,  shipping from ksh 166 to embakasi east   utawala mihango gsu,hard drive  500gb,1677256770,26,shipping ksh 166 embakasi east utawala mihango gsu,ship ksh 166 embakasi east utawala mihango gsu,ship ksh 166 embakasi east utawala mihango gsu
hp refurbished elitebook 9470m core i5 intel 4thgen  500gb hhd  4gb ram 14    silverksh 26 200ksh 33 50022 ,hp refurbished elitebook 9470m core i5 intel 4thgen  500gb hhd  4gb ram 14    silver,ksh 26 200,  shipping from ksh 166 to embakasi east   utawala mihango gsu,wireless protocol  802 11n  bluetooth 4 0,1677256770,27,shipping ksh 166 embakasi east utawala mihango gsu,ship ksh 166 embakasi east utawala mihango gsu,ship ksh 166 embakasi east utawala mihango gsu
hp refurbished elitebook 9470m core i5 intel 4thgen  500gb hhd  4gb ram 14    silverksh 26 200ksh 33 50022 ,hp refurbished elitebook 9470m core i5 intel 4thgen  500gb hhd  4gb ram 14    silver,ksh 26 200,  shipping from ksh 166 to embakasi east   utawala mihango gsu,usb,1677256770,28,shipping ksh 166 embakasi east utawala mihango gsu,ship ksh 166 embakasi east utawala mihango gsu,ship ksh 166 embakasi east utawala mihango gsu
hp refurbished elitebook 9470m core i5 intel 4thgen  500gb hhd  4gb ram 14    silverksh 26 200ksh 33 50022 ,hp refurbished elitebook 9470m core i5 intel 4thgen  500gb hhd  4gb ram 14    silver,ksh 26 200,  shipping from ksh 166 to embakasi east   utawala mihango gsu,supported flash memory  sd memory card   sdhc memory card   sdxc memory card,1677256770,29,shipping ksh 166 embakasi east utawala mihango gsu,ship ksh 166 embakasi east utawala mihango gsu,ship ksh 166 embakasi east utawala mihango gsu
hp refurbished elitebook 9470m core i5 intel 4thgen  500gb hhd  4gb ram 14    silverksh 26 200ksh 33 50022 ,hp refurbished elitebook 9470m core i5 intel 4thgen  500gb hhd  4gb ram 14    silver,ksh 26 200,  shipping from ksh 166 to embakasi east   utawala mihango gsu,graphics processor  intel hd graphics 4600,1677256770,30,shipping ksh 166 embakasi east utawala mihango gsu,ship ksh 166 embakasi east utawala mihango gsu,ship ksh 166 embakasi east utawala mihango gsu
hp refurbished elitebook 9470m core i5 intel 4thgen  500gb hhd  4gb ram 14    silverksh 26 200ksh 33 50022 ,hp refurbished elitebook 9470m core i5 intel 4thgen  500gb hhd  4gb ram 14    silver,ksh 26 200,  shipping from ksh 166 to embakasi east   utawala mihango gsu,type  keyboard  touchpad,1677256770,31,shipping ksh 166 embakasi east utawala mihango gsu,ship ksh 166 embakasi east utawala mihango gsu,ship ksh 166 embakasi east utawala mihango gsu
hp refurbished elitebook 9470m core i5 intel 4thgen  500gb hhd  4gb ram 14    silverksh 26 200ksh 33 50022 ,hp refurbished elitebook 9470m core i5 intel 4thgen  500gb hhd  4gb ram 14    silver,ksh 26 200,  shipping from ksh 166 to embakasi east   utawala mihango gsu,input  ac 120 230 v  50 60 hz ,1677256770,32,shipping ksh 166 embakasi east utawala mihango gsu,ship ksh 166 embakasi east utawala mihango gsu,ship ksh 166 embakasi east utawala mihango gsu
hp refurbished 348 7th gen intel core i5 ram 8gb  hdd 500gb   14    sliver win 10 trialksh 26 399ksh 38 00031 ,hp refurbished 348 7th gen intel core i5 ram 8gb  hdd 500gb   14    sliver win 10 trial,ksh 26 399,  shipping from ksh 166 to embakasi east   utawala mihango gsu,chipset is integrated with processor,1677256786,33,shipping ksh 166 embakasi east utawala mihango gsu,ship ksh 166 embakasi east utawala mihango gsu,ship ksh 166 embakasi east utawala mihango gsu
hp refurbished 348 7th gen intel core i5 ram 8gb  hdd 500gb   14    sliver win 10 trialksh 26 399ksh 38 00031 ,hp refurbished 348 7th gen intel core i5 ram 8gb  hdd 500gb   14    sliver win 10 trial,ksh 26 399,  shipping from ksh 166 to embakasi east   utawala mihango gsu,spill resistant keyboard with drain,1677256786,34,shipping ksh 166 embakasi east utawala mihango gsu,ship ksh 166 embakasi east utawala mihango gsu,ship ksh 166 embakasi east utawala mihango gsu
hp refurbished 348 7th gen intel core i5 ram 8gb  hdd 500gb   14    sliver win 10 trialksh 26 399ksh 38 00031 ,hp refurbished 348 7th gen intel core i5 ram 8gb  hdd 500gb   14    sliver win 10 trial,ksh 26 399,  shipping from ksh 166 to embakasi east   utawala mihango gsu,720p hd webcam,1677256786,35,shipping ksh 166 embakasi east utawala mihango gsu,ship ksh 166 embakasi east utawala mihango gsu,ship ksh 166 embakasi east utawala mihango gsu
hp refurbished 348 7th gen intel core i5 ram 8gb  hdd 500gb   14    sliver win 10 trialksh 26 399ksh 38 00031 ,hp refurbished 348 7th gen intel core i5 ram 8gb  hdd 500gb   14    sliver win 10 trial,ksh 26 399,  shipping from ksh 166 to embakasi east   utawala mihango gsu,45 w smart ac adapter hp long life 3 cell  46 whr li ion polymer,1677256786,36,shipping ksh 166 embakasi east utawala mihango gsu,ship ksh 166 embakasi east utawala mihango gsu,ship ksh 166 embakasi east utawala mihango gsu
hp refurbished 348 7th gen intel core i5 ram 8gb  hdd 500gb   14    sliver win 10 trialksh 26 399ksh 38 00031 ,hp refurbished 348 7th gen intel core i5 ram 8gb  hdd 500gb   14    sliver win 10 trial,ksh 26 399,  shipping from ksh 166 to embakasi east   utawala mihango gsu,compliance energy star  certified configurations available,1677256786,37,shipping ksh 166 embakasi east utawala mihango gsu,ship ksh 166 embakasi east utawala mihango gsu,ship ksh 166 embakasi east utawala mihango gsu
hp refurbished 348 7th gen intel core i5 ram 8gb  hdd 500gb   14    sliver win 10 trialksh 26 399ksh 38 00031 ,hp refurbished 348 7th gen intel core i5 ram 8gb  hdd 500gb   14    sliver win 10 trial,ksh 26 399,  shipping from ksh 166 to embakasi east   utawala mihango gsu,33 8 x 23 7 x 1 89 cm,1677256786,38,shipping ksh 166 embakasi east utawala mihango gsu,ship ksh 166 embakasi east utawala mihango gsu,ship ksh 166 embakasi east utawala mihango gsu
hp refurbished 348 7th gen intel core i5 ram 8gb  hdd 500gb   14    sliver win 10 trialksh 26 399ksh 38 00031 ,hp refurbished 348 7th gen intel core i5 ram 8gb  hdd 500gb   14    sliver win 10 trial,ksh 26 399,  shipping from ksh 166 to embakasi east   utawala mihango gsu,security lock slot,1677256786,39,shipping ksh 166 embakasi east utawala mihango gsu,ship ksh 166 embakasi east utawala mihango gsu,ship ksh 166 embakasi east utawala mihango gsu
generic lan network cable rj45 cat6 10m plus 100 pcs clipsksh 699ksh 80013 ,generic lan network cable rj45 cat6 10m plus 100 pcs clips,ksh 699,  shipping from ksh 102 to embakasi east   utawala mihango gsu,not avilable,1677256798,40,shipping ksh 102 embakasi east utawala mihango gsu,ship ksh 102 embakasi east utawala mihango gsu,ship ksh 102 embakasi east utawala mihango gsu
hp refurbished 430 g1   intel core i5  4 gb ram   500 gb hdd   windows 10 proksh 20 500ksh 29 00029 ,hp refurbished 430 g1   intel core i5  4 gb ram   500 gb hdd   windows 10 pro,ksh 20 500,  shipping from ksh 166 to embakasi east   utawala mihango gsu,storage  hard drive  500gb,1677256815,41,shipping ksh 166 embakasi east utawala mihango gsu,ship ksh 166 embakasi east utawala mihango gsu,ship ksh 166 embakasi east utawala mihango gsu
generic usb type c hub 4 in 1ksh 4 000,generic usb type c hub 4 in 1,ksh 4 000,  shipping from ksh 102 to embakasi east   utawala mihango gsu,not avilable,1677256847,42,shipping ksh 102 embakasi east utawala mihango gsu,ship ksh 102 embakasi east utawala mihango gsu,ship ksh 102 embakasi east utawala mihango gsu
lenovo refurbished lenovo g50ksh 20 000,lenovo refurbished lenovo g50,ksh 20 000,  shipping from ksh 166 to embakasi east   utawala mihango gsu,not avilable,1677256859,43,shipping ksh 166 embakasi east utawala mihango gsu,ship ksh 166 embakasi east utawala mihango gsu,ship ksh 166 embakasi east utawala mihango gsu
tech week dealapple refurbished macbook pro 13 core i5 8gb ram 1tb hdd 2 3ghz  2011  laptop silver   free bagksh 27 490ksh 40 00031 ,apple refurbished macbook pro 13 core i5 8gb ram 1tb hdd 2 3ghz  2011  laptop silver   free bag,ksh 27 490,  shipping from ksh 166 to embakasi east   utawala mihango gsu,processor brand   intel,1677256872,44,shipping ksh 166 embakasi east utawala mihango gsu,ship ksh 166 embakasi east utawala mihango gsu,ship ksh 166 embakasi east utawala mihango gsu
tech week dealapple refurbished macbook pro 13 core i5 8gb ram 1tb hdd 2 3ghz  2011  laptop silver   free bagksh 27 490ksh 40 00031 ,apple refurbished macbook pro 13 core i5 8gb ram 1tb hdd 2 3ghz  2011  laptop silver   free bag,ksh 27 490,  shipping from ksh 166 to embakasi east   utawala mihango gsu,screen size   33 78 cm  13 3 inch ,1677256872,45,shipping ksh 166 embakasi east utawala mihango gsu,ship ksh 166 embakasi east utawala mihango gsu,ship ksh 166 embakasi east utawala mihango gsu
tech week dealapple refurbished macbook pro 13 core i5 8gb ram 1tb hdd 2 3ghz  2011  laptop silver   free bagksh 27 490ksh 40 00031 ,apple refurbished macbook pro 13 core i5 8gb ram 1tb hdd 2 3ghz  2011  laptop silver   free bag,ksh 27 490,  shipping from ksh 166 to embakasi east   utawala mihango gsu,wireless lan   ieee 802 11a b g n,1677256872,46,shipping ksh 166 embakasi east utawala mihango gsu,ship ksh 166 embakasi east utawala mihango gsu,ship ksh 166 embakasi east utawala mihango gsu
hp refurbished elitebook 2570p   core i5   320gb 4gb ram   sliver    12 5 ksh 14 999ksh 16 4999 3 8 out of 5 25 ,hp refurbished elitebook 2570p   core i5   320gb 4gb ram   sliver    12 5 ,ksh 14 999,  shipping from ksh 166 to embakasi east   utawala mihango gsu,not avilable,1677256885,47,shipping ksh 166 embakasi east utawala mihango gsu,ship ksh 166 embakasi east utawala mihango gsu,ship ksh 166 embakasi east utawala mihango gsu
tech week dealgeneric 64 gb memory card sd card tf cardksh 570ksh 1 01644 3 5 out of 5 22 ,generic 64 gb memory card sd card tf card,ksh 570,  delivery from ksh 84  free delivery if order above ksh 1 999  to embakasi east   utawala mihango gsu,not avilable,1677256898,48,delivery ksh 84 free delivery order ksh 1 999 embakasi east utawala mihango gsu,deliveri ksh 84 free deliveri order ksh 1 999 embakasi east utawala mihango gsu,deliveri ksh 84 free deliveri order ksh 1 999 embakasi east utawala mihango gsu
tech week dealfashion 128gb pendrive flash  drive  high speed otg type cksh 760ksh 1 23538 4 2 out of 5 44 ,fashion 128gb pendrive flash  drive  high speed otg type c,ksh 760,  delivery from ksh 84  free delivery if order above ksh 1 999  to embakasi east   utawala mihango gsu,not avilable,1677256912,49,delivery ksh 84 free delivery order ksh 1 999 embakasi east utawala mihango gsu,deliveri ksh 84 free deliveri order ksh 1 999 embakasi east utawala mihango gsu,deliveri ksh 84 free deliveri order ksh 1 999 embakasi east utawala mihango gsu
tech week dealsandisk 32gb cruzer blade usb flash disk driveksh 559ksh 89938 5 out of 5 1 ,sandisk 32gb cruzer blade usb flash disk drive,ksh 559,  shipping from ksh 84 to embakasi east   utawala mihango gsu,not avilable,1677256924,50,shipping ksh 84 embakasi east utawala mihango gsu,ship ksh 84 embakasi east utawala mihango gsu,ship ksh 84 embakasi east utawala mihango gsu
tech week dealiooioo usb flash disk high speed drivers metallic   32gbksh 444ksh 77343 4 6 out of 5 16 ,iooioo usb flash disk high speed drivers metallic   32gb,ksh 444,  delivery from ksh 84  free delivery if order above ksh 1 999  to embakasi east   utawala mihango gsu,about the usb flash drive capacity,1677256940,51,delivery ksh 84 free delivery order ksh 1 999 embakasi east utawala mihango gsu,deliveri ksh 84 free deliveri order ksh 1 999 embakasi east utawala mihango gsu,deliveri ksh 84 free deliveri order ksh 1 999 embakasi east utawala mihango gsu
tech week dealiooioo usb flash disk high speed drivers metallic   32gbksh 444ksh 77343 4 6 out of 5 16 ,iooioo usb flash disk high speed drivers metallic   32gb,ksh 444,  delivery from ksh 84  free delivery if order above ksh 1 999  to embakasi east   utawala mihango gsu,32gb   approximately 28g 29g,1677256940,52,delivery ksh 84 free delivery order ksh 1 999 embakasi east utawala mihango gsu,deliveri ksh 84 free deliveri order ksh 1 999 embakasi east utawala mihango gsu,deliveri ksh 84 free deliveri order ksh 1 999 embakasi east utawala mihango gsu
tech week dealiooioo usb flash disk high speed drivers metallic   32gbksh 444ksh 77343 4 6 out of 5 16 ,iooioo usb flash disk high speed drivers metallic   32gb,ksh 444,  delivery from ksh 84  free delivery if order above ksh 1 999  to embakasi east   utawala mihango gsu,to avoid data loss or mechanical damage  do not power down your computer or unplug flash disk during transfer ,1677256940,53,delivery ksh 84 free delivery order ksh 1 999 embakasi east utawala mihango gsu,deliveri ksh 84 free deliveri order ksh 1 999 embakasi east utawala mihango gsu,deliveri ksh 84 free deliveri order ksh 1 999 embakasi east utawala mihango gsu
tech week dealofficial storeqwen mini wireless mouse    keyboard combo  blackksh 1 290ksh 2 58050 4 5 out of 5 54 ,qwen mini wireless mouse    keyboard combo  black,ksh 1 290,  delivery from ksh 102  free delivery if order above ksh 1 999  to embakasi east   utawala mihango gsu,specification ,1677256956,54,delivery ksh 102 free delivery order ksh 1 999 embakasi east utawala mihango gsu,deliveri ksh 102 free deliveri order ksh 1 999 embakasi east utawala mihango gsu,deliveri ksh 102 free deliveri order ksh 1 999 embakasi east utawala mihango gsu
tech week dealofficial storeqwen mini wireless mouse    keyboard combo  blackksh 1 290ksh 2 58050 4 5 out of 5 54 ,qwen mini wireless mouse    keyboard combo  black,ksh 1 290,  delivery from ksh 102  free delivery if order above ksh 1 999  to embakasi east   utawala mihango gsu,package included ,1677256956,55,delivery ksh 102 free delivery order ksh 1 999 embakasi east utawala mihango gsu,deliveri ksh 102 free deliveri order ksh 1 999 embakasi east utawala mihango gsu,deliveri ksh 102 free deliveri order ksh 1 999 embakasi east utawala mihango gsu
tech week dealofficial storeqwen mini wireless mouse    keyboard combo  blackksh 1 290ksh 2 58050 4 5 out of 5 54 ,qwen mini wireless mouse    keyboard combo  black,ksh 1 290,  delivery from ksh 102  free delivery if order above ksh 1 999  to embakasi east   utawala mihango gsu,notice ,1677256956,56,delivery ksh 102 free delivery order ksh 1 999 embakasi east utawala mihango gsu,deliveri ksh 102 free deliveri order ksh 1 999 embakasi east utawala mihango gsu,deliveri ksh 102 free deliveri order ksh 1 999 embakasi east utawala mihango gsu
tech week dealtenda n300 300 mbps wireless wifi routerksh 1 950ksh 2 60025 4 7 out of 5 3 ,tenda n300 300 mbps wireless wifi router,ksh 1 950,  shipping from ksh 102 to embakasi east   utawala mihango gsu,not avilable,1677256972,57,shipping ksh 102 embakasi east utawala mihango gsu,ship ksh 102 embakasi east utawala mihango gsu,ship ksh 102 embakasi east utawala mihango gsu
hp 64gb high speed compact usb flash diskksh 725ksh 1 30044 4 out of 5 55 ,hp 64gb high speed compact usb flash disk,ksh 725,  shipping from ksh 84 to embakasi east   utawala mihango gsu,not avilable,1677256990,58,shipping ksh 84 embakasi east utawala mihango gsu,ship ksh 84 embakasi east utawala mihango gsu,ship ksh 84 embakasi east utawala mihango gsu
tech week dealadvance 32gb metallic flash disk  drive otg cable   giftsksh 750ksh 1 20038 offers from4 3 out of 5 4 ,advance 32gb metallic flash disk  drive otg cable   gifts,ksh 750,  shipping from ksh 84 to embakasi east   utawala mihango gsu,not avilable,1677257003,59,shipping ksh 84 embakasi east utawala mihango gsu,ship ksh 84 embakasi east utawala mihango gsu,ship ksh 84 embakasi east utawala mihango gsu
official storeqwen 64gb memory card high speed  blueksh 629ksh 1 25850 4 3 out of 5 425 ,qwen 64gb memory card high speed  blue,ksh 629,  delivery from ksh 84  free delivery if order above ksh 1 999  to embakasi east   utawala mihango gsu,actual capacity 59g,1677257018,60,delivery ksh 84 free delivery order ksh 1 999 embakasi east utawala mihango gsu,deliveri ksh 84 free deliveri order ksh 1 999 embakasi east utawala mihango gsu,deliveri ksh 84 free deliveri order ksh 1 999 embakasi east utawala mihango gsu
tech week dealhp usb flash drive 2 0 64gb silver ke03 18 64gksh 650ksh 1 00035 4 out of 5 5 ,hp usb flash drive 2 0 64gb silver ke03 18 64g,ksh 650,  delivery from ksh 84  free delivery if order above ksh 1 999  to embakasi east   utawala mihango gsu,not avilable,1677257036,61,delivery ksh 84 free delivery order ksh 1 999 embakasi east utawala mihango gsu,deliveri ksh 84 free deliveri order ksh 1 999 embakasi east utawala mihango gsu,deliveri ksh 84 free deliveri order ksh 1 999 embakasi east utawala mihango gsu
hp refurbished chromebook 11 4gb 16 hdd chromebook   os     free mouseksh 11 899ksh 14 90020 3 7 out of 5 6 ,hp refurbished chromebook 11 4gb 16 hdd chromebook   os     free mouse,ksh 11 899,  shipping from ksh 166 to embakasi east   utawala mihango gsu,not avilable,1677257050,62,shipping ksh 166 embakasi east utawala mihango gsu,ship ksh 166 embakasi east utawala mihango gsu,ship ksh 166 embakasi east utawala mihango gsu
tech week dealofficial storeqwen smart tv wireless mini keyboard with micetouchpadksh 688ksh 1 31648 4 2 out of 5 65 ,qwen smart tv wireless mini keyboard with micetouchpad,ksh 688,  delivery from ksh 102  free delivery if order above ksh 1 999  to embakasi east   utawala mihango gsu,not avilable,1677257060,63,delivery ksh 102 free delivery order ksh 1 999 embakasi east utawala mihango gsu,deliveri ksh 102 free deliveri order ksh 1 999 embakasi east utawala mihango gsu,deliveri ksh 102 free deliveri order ksh 1 999 embakasi east utawala mihango gsu
hp 32gb metallic flash disk pen drive usb 2 0ksh 580ksh 99942 4 3 out of 5 121 ,hp 32gb metallic flash disk pen drive usb 2 0,ksh 580,  shipping from ksh 84 to embakasi east   utawala mihango gsu,not avilable,1677257070,64,shipping ksh 84 embakasi east utawala mihango gsu,ship ksh 84 embakasi east utawala mihango gsu,ship ksh 84 embakasi east utawala mihango gsu
tech week dealgeneric computer backpack 3 piece set   greyksh 1 050ksh 1 60034 3 3 out of 5 4 ,generic computer backpack 3 piece set   grey,ksh 1 050,  delivery from ksh 102  free delivery if order above ksh 1 999  to embakasi east   utawala mihango gsu,not avilable,1677257080,65,delivery ksh 102 free delivery order ksh 1 999 embakasi east utawala mihango gsu,deliveri ksh 102 free deliveri order ksh 1 999 embakasi east utawala mihango gsu,deliveri ksh 102 free deliveri order ksh 1 999 embakasi east utawala mihango gsu
generic wired usb  mouse colorful backlight mouse padksh 359ksh 39910 4 2 out of 5 19 ,generic wired usb  mouse colorful backlight mouse pad,ksh 359,  shipping from ksh 102 to embakasi east   utawala mihango gsu,not avilable,1677257089,66,shipping ksh 102 embakasi east utawala mihango gsu,ship ksh 102 embakasi east utawala mihango gsu,ship ksh 102 embakasi east utawala mihango gsu
official storeannov memory card 32gb high speed get free earphonesksh 489ksh 56213 3 9 out of 5 375 ,annov memory card 32gb high speed get free earphones,ksh 489,  shipping from ksh 84 to embakasi east   utawala mihango gsu,not avilable,1677257099,67,shipping ksh 84 embakasi east utawala mihango gsu,ship ksh 84 embakasi east utawala mihango gsu,ship ksh 84 embakasi east utawala mihango gsu
tech week dealadvance 64gb flash disk    silver  free mk giftsksh 1 250ksh 2 20043 4 3 out of 5 63 ,advance 64gb flash disk    silver  free mk gifts,ksh 1 250,  delivery from ksh 84  free delivery if order above ksh 1 999  to embakasi east   utawala mihango gsu,not avilable,1677257110,68,delivery ksh 84 free delivery order ksh 1 999 embakasi east utawala mihango gsu,deliveri ksh 84 free deliveri order ksh 1 999 embakasi east utawala mihango gsu,deliveri ksh 84 free deliveri order ksh 1 999 embakasi east utawala mihango gsu
tech week dealsandisk high performance 32 gb flash diskksh 598ksh 95938 4 8 out of 5 21 ,sandisk high performance 32 gb flash disk,ksh 598,  shipping from ksh 84 to embakasi east   utawala mihango gsu,not avilable,1677257120,69,shipping ksh 84 embakasi east utawala mihango gsu,ship ksh 84 embakasi east utawala mihango gsu,ship ksh 84 embakasi east utawala mihango gsu
official storeqwen wireless mouse rechargeable slient mouse 2 4ghzksh 529ksh 89041 4 5 out of 5 343 ,qwen wireless mouse rechargeable slient mouse 2 4ghz,ksh 529,  delivery from ksh 102  free delivery if order above ksh 1 999  to embakasi east   utawala mihango gsu,ultra slim design  fashionable and convenient ,1677257129,70,delivery ksh 102 free delivery order ksh 1 999 embakasi east utawala mihango gsu,deliveri ksh 102 free deliveri order ksh 1 999 embakasi east utawala mihango gsu,deliveri ksh 102 free deliveri order ksh 1 999 embakasi east utawala mihango gsu
official storeqwen wireless mouse rechargeable slient mouse 2 4ghzksh 529ksh 89041 4 5 out of 5 343 ,qwen wireless mouse rechargeable slient mouse 2 4ghz,ksh 529,  delivery from ksh 102  free delivery if order above ksh 1 999  to embakasi east   utawala mihango gsu,don t disaseemble the prodcut by your self,1677257129,71,delivery ksh 102 free delivery order ksh 1 999 embakasi east utawala mihango gsu,deliveri ksh 102 free deliveri order ksh 1 999 embakasi east utawala mihango gsu,deliveri ksh 102 free deliveri order ksh 1 999 embakasi east utawala mihango gsu
tech week dealfashion waterproof backpack   blueksh 889ksh 1 59944 3 3 out of 5 74 ,fashion waterproof backpack   blue,ksh 889,  delivery from ksh 102  free delivery if order above ksh 1 999  to embakasi east   utawala mihango gsu,not avilable,1677257137,72,delivery ksh 102 free delivery order ksh 1 999 embakasi east utawala mihango gsu,deliveri ksh 102 free deliveri order ksh 1 999 embakasi east utawala mihango gsu,deliveri ksh 102 free deliveri order ksh 1 999 embakasi east utawala mihango gsu
hp refurbished elitebook revolve 810 g3 touchscreen core i5 8gb ram 256gb ssd silver  win 10 docking stationksh 27 999ksh 32 00013 4 7 out of 5 7 ,hp refurbished elitebook revolve 810 g3 touchscreen core i5 8gb ram 256gb ssd silver  win 10 docking station,ksh 27 999,  shipping from ksh 166 to embakasi east   utawala mihango gsu,chipset integrated with processor,1677257144,73,shipping ksh 166 embakasi east utawala mihango gsu,ship ksh 166 embakasi east utawala mihango gsu,ship ksh 166 embakasi east utawala mihango gsu
hp refurbished elitebook revolve 810 g3 touchscreen core i5 8gb ram 256gb ssd silver  win 10 docking stationksh 27 999ksh 32 00013 4 7 out of 5 7 ,hp refurbished elitebook revolve 810 g3 touchscreen core i5 8gb ram 256gb ssd silver  win 10 docking station,ksh 27 999,  shipping from ksh 166 to embakasi east   utawala mihango gsu,intel hd graphics 5500,1677257144,74,shipping ksh 166 embakasi east utawala mihango gsu,ship ksh 166 embakasi east utawala mihango gsu,ship ksh 166 embakasi east utawala mihango gsu
hp refurbished elitebook revolve 810 g3 touchscreen core i5 8gb ram 256gb ssd silver  win 10 docking stationksh 27 999ksh 32 00013 4 7 out of 5 7 ,hp refurbished elitebook revolve 810 g3 touchscreen core i5 8gb ram 256gb ssd silver  win 10 docking station,ksh 27 999,  shipping from ksh 166 to embakasi east   utawala mihango gsu,11 6 in diagonal led backlit hd  uwva touch  1366 x 768 ,1677257144,75,shipping ksh 166 embakasi east utawala mihango gsu,ship ksh 166 embakasi east utawala mihango gsu,ship ksh 166 embakasi east utawala mihango gsu
hp refurbished elitebook revolve 810 g3 touchscreen core i5 8gb ram 256gb ssd silver  win 10 docking stationksh 27 999ksh 32 00013 4 7 out of 5 7 ,hp refurbished elitebook revolve 810 g3 touchscreen core i5 8gb ram 256gb ssd silver  win 10 docking station,ksh 27 999,  shipping from ksh 166 to embakasi east   utawala mihango gsu,256 gb sata 3 solid state drive,1677257144,76,shipping ksh 166 embakasi east utawala mihango gsu,ship ksh 166 embakasi east utawala mihango gsu,ship ksh 166 embakasi east utawala mihango gsu
hp refurbished elitebook revolve 810 g3 touchscreen core i5 8gb ram 256gb ssd silver  win 10 docking stationksh 27 999ksh 32 00013 4 7 out of 5 7 ,hp refurbished elitebook revolve 810 g3 touchscreen core i5 8gb ram 256gb ssd silver  win 10 docking station,ksh 27 999,  shipping from ksh 166 to embakasi east   utawala mihango gsu,8 gb total system memory  4 gb on motherboard   4 gb dimm ,1677257144,77,shipping ksh 166 embakasi east utawala mihango gsu,ship ksh 166 embakasi east utawala mihango gsu,ship ksh 166 embakasi east utawala mihango gsu
hp refurbished elitebook revolve 810 g3 touchscreen core i5 8gb ram 256gb ssd silver  win 10 docking stationksh 27 999ksh 32 00013 4 7 out of 5 7 ,hp refurbished elitebook revolve 810 g3 touchscreen core i5 8gb ram 256gb ssd silver  win 10 docking station,ksh 27 999,  shipping from ksh 166 to embakasi east   utawala mihango gsu,local area network  lan  integrated intel 1218lm gigabit  network connection  vpro configurations ,1677257144,78,shipping ksh 166 embakasi east utawala mihango gsu,ship ksh 166 embakasi east utawala mihango gsu,ship ksh 166 embakasi east utawala mihango gsu
hp refurbished elitebook revolve 810 g3 touchscreen core i5 8gb ram 256gb ssd silver  win 10 docking stationksh 27 999ksh 32 00013 4 7 out of 5 7 ,hp refurbished elitebook revolve 810 g3 touchscreen core i5 8gb ram 256gb ssd silver  win 10 docking station,ksh 27 999,  shipping from ksh 166 to embakasi east   utawala mihango gsu,integrated 720p hd  webcam,1677257144,79,shipping ksh 166 embakasi east utawala mihango gsu,ship ksh 166 embakasi east utawala mihango gsu,ship ksh 166 embakasi east utawala mihango gsu
hp refurbished elitebook revolve 810 g3 touchscreen core i5 8gb ram 256gb ssd silver  win 10 docking stationksh 27 999ksh 32 00013 4 7 out of 5 7 ,hp refurbished elitebook revolve 810 g3 touchscreen core i5 8gb ram 256gb ssd silver  win 10 docking station,ksh 27 999,  shipping from ksh 166 to embakasi east   utawala mihango gsu,usb 3 0 port  1,1677257144,80,shipping ksh 166 embakasi east utawala mihango gsu,ship ksh 166 embakasi east utawala mihango gsu,ship ksh 166 embakasi east utawala mihango gsu
hp refurbished elitebook revolve 810 g3 touchscreen core i5 8gb ram 256gb ssd silver  win 10 docking stationksh 27 999ksh 32 00013 4 7 out of 5 7 ,hp refurbished elitebook revolve 810 g3 touchscreen core i5 8gb ram 256gb ssd silver  win 10 docking station,ksh 27 999,  shipping from ksh 166 to embakasi east   utawala mihango gsu,microsd media reader slot   supports sd  sdhc  sdxc,1677257144,81,shipping ksh 166 embakasi east utawala mihango gsu,ship ksh 166 embakasi east utawala mihango gsu,ship ksh 166 embakasi east utawala mihango gsu
yinghd 64gb otg usb flash drive type c silverksh 590ksh 80026 3 9 out of 5 126 ,yinghd 64gb otg usb flash drive type c silver,ksh 530,  delivery from ksh 84  free delivery if order above ksh 1 999  to embakasi east   utawala mihango gsu,not avilable,1677257151,82,delivery ksh 84 free delivery order ksh 1 999 embakasi east utawala mihango gsu,deliveri ksh 84 free deliveri order ksh 1 999 embakasi east utawala mihango gsu,deliveri ksh 84 free deliveri order ksh 1 999 embakasi east utawala mihango gsu
official storeqwen usb flash drive  flash disk 32gb  silverksh 499ksh 99850 4 2 out of 5 235 ,qwen usb flash drive  flash disk 32gb  silver,ksh 499,  delivery from ksh 84  free delivery if order above ksh 1 999  to embakasi east   utawala mihango gsu,about the usb flash drive capacity,1677257159,83,delivery ksh 84 free delivery order ksh 1 999 embakasi east utawala mihango gsu,deliveri ksh 84 free deliveri order ksh 1 999 embakasi east utawala mihango gsu,deliveri ksh 84 free deliveri order ksh 1 999 embakasi east utawala mihango gsu
official storeqwen usb flash drive  flash disk 32gb  silverksh 499ksh 99850 4 2 out of 5 235 ,qwen usb flash drive  flash disk 32gb  silver,ksh 499,  delivery from ksh 84  free delivery if order above ksh 1 999  to embakasi east   utawala mihango gsu,32gb   approximately 28g 29g,1677257159,84,delivery ksh 84 free delivery order ksh 1 999 embakasi east utawala mihango gsu,deliveri ksh 84 free deliveri order ksh 1 999 embakasi east utawala mihango gsu,deliveri ksh 84 free deliveri order ksh 1 999 embakasi east utawala mihango gsu
official storeqwen usb flash drive  flash disk 32gb  silverksh 499ksh 99850 4 2 out of 5 235 ,qwen usb flash drive  flash disk 32gb  silver,ksh 499,  delivery from ksh 84  free delivery if order above ksh 1 999  to embakasi east   utawala mihango gsu,to avoid data loss or mechanical damage  do not power down your computer or unplug flash disk during transfer ,1677257159,85,delivery ksh 84 free delivery order ksh 1 999 embakasi east utawala mihango gsu,deliveri ksh 84 free deliveri order ksh 1 999 embakasi east utawala mihango gsu,deliveri ksh 84 free deliveri order ksh 1 999 embakasi east utawala mihango gsu
darkhorsir 2 0 high speed 32gb memory card mirco sd tf cardksh 489ksh 96849 3 9 out of 5 90 ,darkhorsir 2 0 high speed 32gb memory card mirco sd tf card,ksh 489,  shipping from ksh 84 to embakasi east   utawala mihango gsu,not avilable,1677257166,86,shipping ksh 84 embakasi east utawala mihango gsu,ship ksh 84 embakasi east utawala mihango gsu,ship ksh 84 embakasi east utawala mihango gsu
tech week dealgeneric folding metal laptop tablet stand   silverksh 890ksh 1 58544 4 6 out of 5 27 ,generic folding metal laptop tablet stand   silver,ksh 890,  delivery from ksh 102  free delivery if order above ksh 1 999  to embakasi east   utawala mihango gsu,not avilable,1677257273,88,delivery ksh 102 free delivery order ksh 1 999 embakasi east utawala mihango gsu,deliveri ksh 102 free deliveri order ksh 1 999 embakasi east utawala mihango gsu,deliveri ksh 102 free deliveri order ksh 1 999 embakasi east utawala mihango gsu
official storeqwen 32gb mini usb flash disk flash drives metal silverksh 499ksh 99850 4 1 out of 5 320 ,qwen 32gb mini usb flash disk flash drives metal silver,ksh 499,  delivery from ksh 84  free delivery if order above ksh 1 999  to embakasi east   utawala mihango gsu,about the usb flash drive capacity,1677257286,89,delivery ksh 84 free delivery order ksh 1 999 embakasi east utawala mihango gsu,deliveri ksh 84 free deliveri order ksh 1 999 embakasi east utawala mihango gsu,deliveri ksh 84 free deliveri order ksh 1 999 embakasi east utawala mihango gsu
official storeqwen 32gb mini usb flash disk flash drives metal silverksh 499ksh 99850 4 1 out of 5 320 ,qwen 32gb mini usb flash disk flash drives metal silver,ksh 499,  delivery from ksh 84  free delivery if order above ksh 1 999  to embakasi east   utawala mihango gsu,32gb   approximately 28g 29g,1677257286,90,delivery ksh 84 free delivery order ksh 1 999 embakasi east utawala mihango gsu,deliveri ksh 84 free deliveri order ksh 1 999 embakasi east utawala mihango gsu,deliveri ksh 84 free deliveri order ksh 1 999 embakasi east utawala mihango gsu
official storeqwen 32gb mini usb flash disk flash drives metal silverksh 499ksh 99850 4 1 out of 5 320 ,qwen 32gb mini usb flash disk flash drives metal silver,ksh 499,  delivery from ksh 84  free delivery if order above ksh 1 999  to embakasi east   utawala mihango gsu,to avoid data loss or mechanical damage  do not power down your computer or unplug flash disk during transfer ,1677257286,91,delivery ksh 84 free delivery order ksh 1 999 embakasi east utawala mihango gsu,deliveri ksh 84 free deliveri order ksh 1 999 embakasi east utawala mihango gsu,deliveri ksh 84 free deliveri order ksh 1 999 embakasi east utawala mihango gsu
generic ultra thin wireless mouse 2 4g rechargeableksh 440ksh 86349 offers from4 5 out of 5 672 ,generic ultra thin wireless mouse 2 4g rechargeable,ksh 440,  delivery from ksh 102  free delivery if order above ksh 1 999  to embakasi east   utawala mihango gsu,not avilable,1677257300,92,delivery ksh 102 free delivery order ksh 1 999 embakasi east utawala mihango gsu,deliveri ksh 102 free deliveri order ksh 1 999 embakasi east utawala mihango gsu,deliveri ksh 102 free deliveri order ksh 1 999 embakasi east utawala mihango gsu
generic led 2 4g rechargeable wireless mouseksh 640ksh 1 13444 4 5 out of 5 466 ,generic led 2 4g rechargeable wireless mouse,ksh 640,  delivery from ksh 102  free delivery if order above ksh 1 999  to embakasi east   utawala mihango gsu,1 2 4g wireless transmission technology provides reliable connection within a range of 10m  allows you to say goodbye to the wired shackles and operate more freely ,1677257314,93,delivery ksh 102 free delivery order ksh 1 999 embakasi east utawala mihango gsu,deliveri ksh 102 free deliveri order ksh 1 999 embakasi east utawala mihango gsu,deliveri ksh 102 free deliveri order ksh 1 999 embakasi east utawala mihango gsu
generic led 2 4g rechargeable wireless mouseksh 640ksh 1 13444 4 5 out of 5 466 ,generic led 2 4g rechargeable wireless mouse,ksh 640,  delivery from ksh 102  free delivery if order above ksh 1 999  to embakasi east   utawala mihango gsu,2 ergonomic design  fits the hand  provides comfortable feel  effectively reduces hand fatigue ,1677257314,94,delivery ksh 102 free delivery order ksh 1 999 embakasi east utawala mihango gsu,deliveri ksh 102 free deliveri order ksh 1 999 embakasi east utawala mihango gsu,deliveri ksh 102 free deliveri order ksh 1 999 embakasi east utawala mihango gsu
generic led 2 4g rechargeable wireless mouseksh 640ksh 1 13444 4 5 out of 5 466 ,generic led 2 4g rechargeable wireless mouse,ksh 640,  delivery from ksh 102  free delivery if order above ksh 1 999  to embakasi east   utawala mihango gsu,3 humanized silent design  creates a quiet and comfortable environment whether you are in quiet office or studying late at night in the library ,1677257314,95,delivery ksh 102 free delivery order ksh 1 999 embakasi east utawala mihango gsu,deliveri ksh 102 free deliveri order ksh 1 999 embakasi east utawala mihango gsu,deliveri ksh 102 free deliveri order ksh 1 999 embakasi east utawala mihango gsu
generic led 2 4g rechargeable wireless mouseksh 640ksh 1 13444 4 5 out of 5 466 ,generic led 2 4g rechargeable wireless mouse,ksh 640,  delivery from ksh 102  free delivery if order above ksh 1 999  to embakasi east   utawala mihango gsu,4 three adjustable dpi provide sensitive response and smooth operation  can position accurately in moving ,1677257314,96,delivery ksh 102 free delivery order ksh 1 999 embakasi east utawala mihango gsu,deliveri ksh 102 free deliveri order ksh 1 999 embakasi east utawala mihango gsu,deliveri ksh 102 free deliveri order ksh 1 999 embakasi east utawala mihango gsu
generic led 2 4g rechargeable wireless mouseksh 640ksh 1 13444 4 5 out of 5 466 ,generic led 2 4g rechargeable wireless mouse,ksh 640,  delivery from ksh 102  free delivery if order above ksh 1 999  to embakasi east   utawala mihango gsu,5 slim design  lightweight and portable  you can easily put it in a bag or pocket  more convenient to use ,1677257314,97,delivery ksh 102 free delivery order ksh 1 999 embakasi east utawala mihango gsu,deliveri ksh 102 free deliveri order ksh 1 999 embakasi east utawala mihango gsu,deliveri ksh 102 free deliveri order ksh 1 999 embakasi east utawala mihango gsu
generic led 2 4g rechargeable wireless mouseksh 640ksh 1 13444 4 5 out of 5 466 ,generic led 2 4g rechargeable wireless mouse,ksh 640,  delivery from ksh 102  free delivery if order above ksh 1 999  to embakasi east   utawala mihango gsu,6 no driver requied  plug and play ,1677257314,98,delivery ksh 102 free delivery order ksh 1 999 embakasi east utawala mihango gsu,deliveri ksh 102 free deliveri order ksh 1 999 embakasi east utawala mihango gsu,deliveri ksh 102 free deliveri order ksh 1 999 embakasi east utawala mihango gsu
generic led 2 4g rechargeable wireless mouseksh 640ksh 1 13444 4 5 out of 5 466 ,generic led 2 4g rechargeable wireless mouse,ksh 640,  delivery from ksh 102  free delivery if order above ksh 1 999  to embakasi east   utawala mihango gsu,7 built in 500mah rechargeable batter y  adopt low and energy saving technology  no need to charge the batter y repeatedly ,1677257314,99,delivery ksh 102 free delivery order ksh 1 999 embakasi east utawala mihango gsu,deliveri ksh 102 free deliveri order ksh 1 999 embakasi east utawala mihango gsu,deliveri ksh 102 free deliveri order ksh 1 999 embakasi east utawala mihango gsu
generic led 2 4g rechargeable wireless mouseksh 640ksh 1 13444 4 5 out of 5 466 ,generic led 2 4g rechargeable wireless mouse,ksh 640,  delivery from ksh 102  free delivery if order above ksh 1 999  to embakasi east   utawala mihango gsu,question why the led of mouse is not in colour light  ,1677257314,100,delivery ksh 102 free delivery order ksh 1 999 embakasi east utawala mihango gsu,deliveri ksh 102 free deliveri order ksh 1 999 embakasi east utawala mihango gsu,deliveri ksh 102 free deliveri order ksh 1 999 embakasi east utawala mihango gsu
generic led 2 4g rechargeable wireless mouseksh 640ksh 1 13444 4 5 out of 5 466 ,generic led 2 4g rechargeable wireless mouse,ksh 640,  delivery from ksh 102  free delivery if order above ksh 1 999  to embakasi east   utawala mihango gsu,answer ,1677257314,101,delivery ksh 102 free delivery order ksh 1 999 embakasi east utawala mihango gsu,deliveri ksh 102 free deliveri order ksh 1 999 embakasi east utawala mihango gsu,deliveri ksh 102 free deliveri order ksh 1 999 embakasi east utawala mihango gsu
generic led 2 4g rechargeable wireless mouseksh 640ksh 1 13444 4 5 out of 5 466 ,generic led 2 4g rechargeable wireless mouse,ksh 640,  delivery from ksh 102  free delivery if order above ksh 1 999  to embakasi east   utawala mihango gsu,specification ,1677257314,102,delivery ksh 102 free delivery order ksh 1 999 embakasi east utawala mihango gsu,deliveri ksh 102 free deliveri order ksh 1 999 embakasi east utawala mihango gsu,deliveri ksh 102 free deliveri order ksh 1 999 embakasi east utawala mihango gsu
generic led 2 4g rechargeable wireless mouseksh 640ksh 1 13444 4 5 out of 5 466 ,generic led 2 4g rechargeable wireless mouse,ksh 640,  delivery from ksh 102  free delivery if order above ksh 1 999  to embakasi east   utawala mihango gsu,name  wireless mouse,1677257314,103,delivery ksh 102 free delivery order ksh 1 999 embakasi east utawala mihango gsu,deliveri ksh 102 free deliveri order ksh 1 999 embakasi east utawala mihango gsu,deliveri ksh 102 free deliveri order ksh 1 999 embakasi east utawala mihango gsu
generic led 2 4g rechargeable wireless mouseksh 640ksh 1 13444 4 5 out of 5 466 ,generic led 2 4g rechargeable wireless mouse,ksh 640,  delivery from ksh 102  free delivery if order above ksh 1 999  to embakasi east   utawala mihango gsu,color  silver,1677257314,104,delivery ksh 102 free delivery order ksh 1 999 embakasi east utawala mihango gsu,deliveri ksh 102 free deliveri order ksh 1 999 embakasi east utawala mihango gsu,deliveri ksh 102 free deliveri order ksh 1 999 embakasi east utawala mihango gsu
generic led 2 4g rechargeable wireless mouseksh 640ksh 1 13444 4 5 out of 5 466 ,generic led 2 4g rechargeable wireless mouse,ksh 640,  delivery from ksh 102  free delivery if order above ksh 1 999  to embakasi east   utawala mihango gsu,material  abs,1677257314,105,delivery ksh 102 free delivery order ksh 1 999 embakasi east utawala mihango gsu,deliveri ksh 102 free deliveri order ksh 1 999 embakasi east utawala mihango gsu,deliveri ksh 102 free deliveri order ksh 1 999 embakasi east utawala mihango gsu
generic led 2 4g rechargeable wireless mouseksh 640ksh 1 13444 4 5 out of 5 466 ,generic led 2 4g rechargeable wireless mouse,ksh 640,  delivery from ksh 102  free delivery if order above ksh 1 999  to embakasi east   utawala mihango gsu,number of keys  4,1677257314,106,delivery ksh 102 free delivery order ksh 1 999 embakasi east utawala mihango gsu,deliveri ksh 102 free deliveri order ksh 1 999 embakasi east utawala mihango gsu,deliveri ksh 102 free deliveri order ksh 1 999 embakasi east utawala mihango gsu
generic led 2 4g rechargeable wireless mouseksh 640ksh 1 13444 4 5 out of 5 466 ,generic led 2 4g rechargeable wireless mouse,ksh 640,  delivery from ksh 102  free delivery if order above ksh 1 999  to embakasi east   utawala mihango gsu,type  2 4g wireless,1677257314,107,delivery ksh 102 free delivery order ksh 1 999 embakasi east utawala mihango gsu,deliveri ksh 102 free deliveri order ksh 1 999 embakasi east utawala mihango gsu,deliveri ksh 102 free deliveri order ksh 1 999 embakasi east utawala mihango gsu
generic led 2 4g rechargeable wireless mouseksh 640ksh 1 13444 4 5 out of 5 466 ,generic led 2 4g rechargeable wireless mouse,ksh 640,  delivery from ksh 102  free delivery if order above ksh 1 999  to embakasi east   utawala mihango gsu,transmission distance  up to 10m,1677257314,108,delivery ksh 102 free delivery order ksh 1 999 embakasi east utawala mihango gsu,deliveri ksh 102 free deliveri order ksh 1 999 embakasi east utawala mihango gsu,deliveri ksh 102 free deliveri order ksh 1 999 embakasi east utawala mihango gsu
generic led 2 4g rechargeable wireless mouseksh 640ksh 1 13444 4 5 out of 5 466 ,generic led 2 4g rechargeable wireless mouse,ksh 640,  delivery from ksh 102  free delivery if order above ksh 1 999  to embakasi east   utawala mihango gsu,dpi  800 1200 1600dpi,1677257314,109,delivery ksh 102 free delivery order ksh 1 999 embakasi east utawala mihango gsu,deliveri ksh 102 free deliveri order ksh 1 999 embakasi east utawala mihango gsu,deliveri ksh 102 free deliveri order ksh 1 999 embakasi east utawala mihango gsu
generic led 2 4g rechargeable wireless mouseksh 640ksh 1 13444 4 5 out of 5 466 ,generic led 2 4g rechargeable wireless mouse,ksh 640,  delivery from ksh 102  free delivery if order above ksh 1 999  to embakasi east   utawala mihango gsu,batter y capacity  500mah rechargeable lithium batter y ,1677257314,110,delivery ksh 102 free delivery order ksh 1 999 embakasi east utawala mihango gsu,deliveri ksh 102 free deliveri order ksh 1 999 embakasi east utawala mihango gsu,deliveri ksh 102 free deliveri order ksh 1 999 embakasi east utawala mihango gsu
generic led 2 4g rechargeable wireless mouseksh 640ksh 1 13444 4 5 out of 5 466 ,generic led 2 4g rechargeable wireless mouse,ksh 640,  delivery from ksh 102  free delivery if order above ksh 1 999  to embakasi east   utawala mihango gsu,item size  11 3   5 8   2 6cm  4 45   2 28   1 02in l   w   h ,1677257314,111,delivery ksh 102 free delivery order ksh 1 999 embakasi east utawala mihango gsu,deliveri ksh 102 free deliveri order ksh 1 999 embakasi east utawala mihango gsu,deliveri ksh 102 free deliveri order ksh 1 999 embakasi east utawala mihango gsu
generic led 2 4g rechargeable wireless mouseksh 640ksh 1 13444 4 5 out of 5 466 ,generic led 2 4g rechargeable wireless mouse,ksh 640,  delivery from ksh 102  free delivery if order above ksh 1 999  to embakasi east   utawala mihango gsu,item weight  approx  79g  2 79oz,1677257314,112,delivery ksh 102 free delivery order ksh 1 999 embakasi east utawala mihango gsu,deliveri ksh 102 free deliveri order ksh 1 999 embakasi east utawala mihango gsu,deliveri ksh 102 free deliveri order ksh 1 999 embakasi east utawala mihango gsu
tech week dealyinghd mini high speed u disk 128gb goldksh 850ksh 1 49043 3 5 out of 5 24 ,yinghd mini high speed u disk 128gb gold,ksh 850,  delivery from ksh 84  free delivery if order above ksh 1 999  to embakasi east   utawala mihango gsu,not avilable,1677257325,113,delivery ksh 84 free delivery order ksh 1 999 embakasi east utawala mihango gsu,deliveri ksh 84 free deliveri order ksh 1 999 embakasi east utawala mihango gsu,deliveri ksh 84 free deliveri order ksh 1 999 embakasi east utawala mihango gsu
tech week dealgeneric 128gb otg usb flash drive  micro usb   type cksh 730ksh 1 29944 3 5 out of 5 47 ,generic 128gb otg usb flash drive  micro usb   type c,ksh 730,  delivery from ksh 84  free delivery if order above ksh 1 999  to embakasi east   utawala mihango gsu,not avilable,1677257338,114,delivery ksh 84 free delivery order ksh 1 999 embakasi east utawala mihango gsu,deliveri ksh 84 free deliveri order ksh 1 999 embakasi east utawala mihango gsu,deliveri ksh 84 free deliveri order ksh 1 999 embakasi east utawala mihango gsu
official storeqwen flash disks 64gb usb flash drive high speedksh 650ksh 1 00035 4 2 out of 5 520 ,qwen flash disks 64gb usb flash drive high speed,ksh 650,  delivery from ksh 84  free delivery if order above ksh 1 999  to embakasi east   utawala mihango gsu,about the usb flash drive capacity,1677257350,115,delivery ksh 84 free delivery order ksh 1 999 embakasi east utawala mihango gsu,deliveri ksh 84 free deliveri order ksh 1 999 embakasi east utawala mihango gsu,deliveri ksh 84 free deliveri order ksh 1 999 embakasi east utawala mihango gsu
official storeqwen flash disks 64gb usb flash drive high speedksh 650ksh 1 00035 4 2 out of 5 520 ,qwen flash disks 64gb usb flash drive high speed,ksh 650,  delivery from ksh 84  free delivery if order above ksh 1 999  to embakasi east   utawala mihango gsu,64gb   approximately 57g 58g,1677257350,116,delivery ksh 84 free delivery order ksh 1 999 embakasi east utawala mihango gsu,deliveri ksh 84 free deliveri order ksh 1 999 embakasi east utawala mihango gsu,deliveri ksh 84 free deliveri order ksh 1 999 embakasi east utawala mihango gsu
official storeqwen flash disks 64gb usb flash drive high speedksh 650ksh 1 00035 4 2 out of 5 520 ,qwen flash disks 64gb usb flash drive high speed,ksh 650,  delivery from ksh 84  free delivery if order above ksh 1 999  to embakasi east   utawala mihango gsu,to avoid data loss or mechanical damage  do not power down your computer or unplug flash disk during transfer ,1677257350,117,delivery ksh 84 free delivery order ksh 1 999 embakasi east utawala mihango gsu,deliveri ksh 84 free deliveri order ksh 1 999 embakasi east utawala mihango gsu,deliveri ksh 84 free deliveri order ksh 1 999 embakasi east utawala mihango gsu
tech week dealgeneric bluetooth 5 2 3 0 and 2 4g three modes wireless rgb mouse with usb rechargeable for pc laptop macbook tablet  mobile phoneksh 449ksh 79944 4 3 out of 5 12 ,generic bluetooth 5 2 3 0 and 2 4g three modes wireless rgb mouse with usb rechargeable for pc laptop macbook tablet  mobile phone,ksh 449,  shipping from ksh 102 to embakasi east   utawala mihango gsu,not avilable,1677257361,118,shipping ksh 102 embakasi east utawala mihango gsu,ship ksh 102 embakasi east utawala mihango gsu,ship ksh 102 embakasi east utawala mihango gsu
hp 32gb metallic flash disk pen drive  free otg cableksh 598ksh 90034 offers from4 2 out of 5 677 ,hp 32gb metallic flash disk pen drive  free otg cable,ksh 598,  shipping from ksh 84 to embakasi east   utawala mihango gsu,not avilable,1677257373,119,shipping ksh 84 embakasi east utawala mihango gsu,ship ksh 84 embakasi east utawala mihango gsu,ship ksh 84 embakasi east utawala mihango gsu
official storeannov memory card 64gb high speed android cableksh 599ksh 76922 4 5 out of 5 39 ,annov memory card 64gb high speed android cable,ksh 599,  shipping from ksh 84 to embakasi east   utawala mihango gsu,not avilable,1677257406,120,shipping ksh 84 embakasi east utawala mihango gsu,ship ksh 84 embakasi east utawala mihango gsu,ship ksh 84 embakasi east utawala mihango gsu
official storeqwen aluminum alloy laptop stand computer standksh 959ksh 1 65842 4 6 out of 5 145 ,qwen aluminum alloy laptop stand computer stand,ksh 959,  delivery from ksh 102  free delivery if order above ksh 1 999  to embakasi east   utawala mihango gsu,not avilable,1677257429,121,delivery ksh 102 free delivery order ksh 1 999 embakasi east utawala mihango gsu,deliveri ksh 102 free deliveri order ksh 1 999 embakasi east utawala mihango gsu,deliveri ksh 102 free deliveri order ksh 1 999 embakasi east utawala mihango gsu
tech week dealhp 64gb metallic flash disk pen drive free otgksh 745ksh 1 40047 4 5 out of 5 44 ,hp 64gb metallic flash disk pen drive free otg,ksh 745,  delivery from ksh 84  free delivery if order above ksh 1 999  to embakasi east   utawala mihango gsu,not avilable,1677257442,122,delivery ksh 84 free delivery order ksh 1 999 embakasi east utawala mihango gsu,deliveri ksh 84 free deliveri order ksh 1 999 embakasi east utawala mihango gsu,deliveri ksh 84 free deliveri order ksh 1 999 embakasi east utawala mihango gsu
hp v250w flash disk with clip   64gb   silverksh 725ksh 1 30044 4 1 out of 5 2756 ,hp v250w flash disk with clip   64gb   silver,ksh 725,  delivery from ksh 84  free delivery if order above ksh 1 999  to embakasi east   utawala mihango gsu,not avilable,1677257453,123,delivery ksh 84 free delivery order ksh 1 999 embakasi east utawala mihango gsu,deliveri ksh 84 free deliveri order ksh 1 999 embakasi east utawala mihango gsu,deliveri ksh 84 free deliveri order ksh 1 999 embakasi east utawala mihango gsu
